https://www.youtube.com/watch?v=AjRKjrcFeLc,"Selfie - Visual Glimpse - Badass Bossman Theme ｜ GV Prakash Kumar, Gautham Vasudev Menon, MathiMaran [AjRKjrcFeLc].mp3"
https://www.youtube.com/watch?v=AjRKjrcFeLc,"Selfie - Visual Glimpse - Badass Bossman Theme ｜ GV Prakash Kumar, Gautham Vasudev Menon, MathiMaran [AjRKjrcFeLc].mp3"
https://open.spotify.com/track/0brbSjBU6Lysas9J6XAGR9?si=h5mnBsbDRLep-_pw4cagPQ,"Selfie - Visual Glimpse - Badass Bossman Theme ｜ GV Prakash Kumar, Gautham Vasudev Menon, MathiMaran [AjRKjrcFeLc].mp3"
https://www.youtube.com/watch?v=B789Cx9CpaY,VIKRAM - Porkanda Singam EDM Video ｜ Kamal Haasan ｜ Vijay Sethupathi ｜ Lokesh Kanagaraj ｜ Anirudh [B789Cx9CpaY].mp3
https://youtu.be/Ic1yHHjujAo,"Naattu Koothu Full Video Song(Tamil) [4K] ｜ RRR Songs ｜ NTR,Ram Charan ｜ M M Keeravaani｜SS Rajamouli [Ic1yHHjujAo].webm"
https://www.pornhub.com/view_video.php?viewkey=ph6298b90bc6e55,playlist.py
https://www.pornhub.com/view_video.php?viewkey=ph6298b90bc6e55,sample.json
https://www.pornhub.com/view_video.php?viewkey=ph6298b90bc6e55,sub.py
https://www.pornhub.com/view_video.php?viewkey=ph6298b90bc6e55,ytq.py
https://www.pornhub.com/view_video.php?viewkey=ph6298b90bc6e55,Sis Swap - Two Teens Agreed To Swap Their Stepbrothers To Help Repopulate The World - Mae Milano [ph6298b90bc6e55].mp4
https://www.pornhub.com/view_video.php?viewkey=ph6298b90bc6e55,__pycache__
https://www.pornhub.com/view_video.php?viewkey=ph6298b90bc6e55,refresh.py
https://www.pornhub.com/view_video.php?viewkey=ph6298b90bc6e55,main.py
https://www.pornhub.com/view_video.php?viewkey=ph6298b90bc6e55,code.py
https://www.pornhub.com/view_video.php?viewkey=ph6298b90bc6e55,playlist.csv
